[
  {
    "event": "Initial Jobless Claims",
    "date": "Jan 09, 2026",
    "time": "08:30 ET",
    "sentiment": 0.28,
    "direction": "bullish",
    "strength": 42.5,
    "gcMove": 8.90,
    "startPrice": 4510.20,
    "endPrice": 4519.10,
    "transcribed": true,
    "actual": "201K",
    "forecast": "214K"
  },
  {
    "event": "Wholesale Inventories",
    "date": "Jan 09, 2026",
    "time": "10:00 ET",
    "sentiment": 0.05,
    "direction": "neutral",
    "strength": 15.2,
    "gcMove": 1.20,
    "startPrice": 4519.10,
    "endPrice": 4520.30,
    "transcribed": true,
    "actual": "0.2%",
    "forecast": "0.1%"
  },
  {
    "event": "FOMC Minutes (Dec)",
    "date": "Jan 08, 2026",
    "time": "14:00 ET",
    "sentiment": -0.48,
    "direction": "bearish",
    "strength": 68.5,
    "gcMove": -18.60,
    "startPrice": 4498.40,
    "endPrice": 4479.80,
    "transcribed": true,
    "actual": "Hawkish",
    "forecast": "-"
  },
  {
    "event": "ADP Employment Change",
    "date": "Jan 08, 2026",
    "time": "08:15 ET",
    "sentiment": -0.15,
    "direction": "bearish",
    "strength": 28.3,
    "gcMove": -4.20,
    "startPrice": 4502.60,
    "endPrice": 4498.40,
    "transcribed": true,
    "actual": "+122K",
    "forecast": "+140K"
  },
  {
    "event": "ISM Services PMI",
    "date": "Jan 07, 2026",
    "time": "10:00 ET",
    "sentiment": 0.35,
    "direction": "bullish",
    "strength": 52.1,
    "gcMove": 12.40,
    "startPrice": 4490.20,
    "endPrice": 4502.60,
    "transcribed": true,
    "actual": "54.1",
    "forecast": "53.5"
  },
  {
    "event": "JOLTS Job Openings",
    "date": "Jan 07, 2026",
    "time": "10:00 ET",
    "sentiment": 0.22,
    "direction": "bullish",
    "strength": 38.7,
    "gcMove": 6.80,
    "startPrice": 4483.40,
    "endPrice": 4490.20,
    "transcribed": true,
    "actual": "8.09M",
    "forecast": "7.74M"
  },
  {
    "event": "Factory Orders (Nov)",
    "date": "Jan 06, 2026",
    "time": "10:00 ET",
    "sentiment": -0.12,
    "direction": "neutral",
    "strength": 18.5,
    "gcMove": -2.30,
    "startPrice": 4485.70,
    "endPrice": 4483.40,
    "transcribed": true,
    "actual": "-0.4%",
    "forecast": "-0.3%"
  },
  {
    "event": "ISM Manufacturing PMI",
    "date": "Jan 03, 2026",
    "time": "10:00 ET",
    "sentiment": -0.18,
    "direction": "bearish",
    "strength": 32.4,
    "gcMove": -8.60,
    "startPrice": 4494.30,
    "endPrice": 4485.70,
    "transcribed": true,
    "actual": "49.3",
    "forecast": "48.2"
  },
  {
    "event": "Non-Farm Payrolls (Dec)",
    "date": "Jan 03, 2026",
    "time": "08:30 ET",
    "sentiment": 0.62,
    "direction": "bullish",
    "strength": 78.5,
    "gcMove": 28.40,
    "startPrice": 4465.90,
    "endPrice": 4494.30,
    "transcribed": true,
    "actual": "+256K",
    "forecast": "+160K"
  },
  {
    "event": "Unemployment Rate",
    "date": "Jan 03, 2026",
    "time": "08:30 ET",
    "sentiment": 0.45,
    "direction": "bullish",
    "strength": 58.2,
    "gcMove": 28.40,
    "startPrice": 4465.90,
    "endPrice": 4494.30,
    "transcribed": true,
    "actual": "4.1%",
    "forecast": "4.2%"
  }
]
